iterations;evals;births;elapsed;all_size;firsts_size;lasts_size;geno_uni;sol_uni;fit_uni;best_fitness;seed;problem;solver_sigma;objective;best→fitness;genotype_size
5;60;60;0.0068;12;1;12;1.0;1.0;1.0;3.6160618189593015;1;ea.p.s.sphere-20;cmaEs;minimize;3.6160618189593015;20
10;120;120;0.0106;12;1;12;1.0;1.0;1.0;2.2337626016967054;1;ea.p.s.sphere-20;cmaEs;minimize;2.2337626016967054;20
15;180;180;0.0144;12;1;12;1.0;1.0;1.0;1.3933133626186611;1;ea.p.s.sphere-20;cmaEs;minimize;1.3933133626186611;20
20;240;240;0.0183;12;1;12;1.0;1.0;1.0;0.974452922805835;1;ea.p.s.sphere-20;cmaEs;minimize;0.974452922805835;20
25;300;300;0.0207;12;1;12;1.0;1.0;1.0;0.3494545486964183;1;ea.p.s.sphere-20;cmaEs;minimize;0.3494545486964183;20
30;360;360;0.028;12;1;12;1.0;1.0;1.0;0.3603915814040937;1;ea.p.s.sphere-20;cmaEs;minimize;0.3603915814040937;20
35;420;420;0.0313;12;1;12;1.0;1.0;1.0;0.1160694697545357;1;ea.p.s.sphere-20;cmaEs;minimize;0.1160694697545357;20
40;480;480;0.0341;12;1;12;1.0;1.0;1.0;0.08020475123447789;1;ea.p.s.sphere-20;cmaEs;minimize;0.08020475123447789;20
5;60;60;0.0054;12;1;12;1.0;1.0;1.0;2.84782359604044;2;ea.p.s.sphere-20;cmaEs;minimize;2.84782359604044;20
10;120;120;0.0079;12;1;12;1.0;1.0;1.0;1.7918007180134041;2;ea.p.s.sphere-20;cmaEs;minimize;1.7918007180134041;20
15;180;180;0.0104;12;1;12;1.0;1.0;1.0;0.7431315287833389;2;ea.p.s.sphere-20;cmaEs;minimize;0.7431315287833389;20
20;240;240;0.017;12;1;12;1.0;1.0;1.0;0.5559665973352218;2;ea.p.s.sphere-20;cmaEs;minimize;0.5559665973352218;20
25;300;300;0.0292;12;1;12;1.0;1.0;1.0;0.23349694972424612;2;ea.p.s.sphere-20;cmaEs;minimize;0.23349694972424612;20
30;360;360;0.0332;12;1;12;1.0;1.0;1.0;0.15084651147938;2;ea.p.s.sphere-20;cmaEs;minimize;0.15084651147938;20
35;420;420;0.0358;12;1;12;1.0;1.0;1.0;0.08427728747872514;2;ea.p.s.sphere-20;cmaEs;minimize;0.08427728747872514;20
40;480;480;0.0389;12;1;12;1.0;1.0;1.0;0.05512741310157243;2;ea.p.s.sphere-20;cmaEs;minimize;0.05512741310157243;20
0;15;15;0.0004;15;1;15;1.0;1.0;1.0;5.175578005045535;1;ea.p.s.sphere-20;differentialEvolution;minimize;5.175578005045535;20
5;90;90;0.0028;15;1;15;1.0;1.0;1.0;3.497953461461198;1;ea.p.s.sphere-20;differentialEvolution;minimize;3.497953461461198;20
10;165;165;0.0054;15;1;15;1.0;1.0;1.0;2.8275135598696;1;ea.p.s.sphere-20;differentialEvolution;minimize;2.8275135598696;20
15;240;240;0.0071;15;1;15;1.0;1.0;1.0;2.2339756149611567;1;ea.p.s.sphere-20;differentialEvolution;minimize;2.2339756149611567;20
20;315;315;0.0087;15;1;15;1.0;1.0;1.0;1.5353223304645303;1;ea.p.s.sphere-20;differentialEvolution;minimize;1.5353223304645303;20
25;390;390;0.0099;15;1;15;1.0;1.0;1.0;0.9434825875582163;1;ea.p.s.sphere-20;differentialEvolution;minimize;0.9434825875582163;20
30;465;465;0.0111;15;1;15;1.0;1.0;1.0;0.7587439539958442;1;ea.p.s.sphere-20;differentialEvolution;minimize;0.7587439539958442;20
0;15;15;0.002;15;1;15;1.0;1.0;1.0;4.979149010194247;2;ea.p.s.sphere-20;differentialEvolution;minimize;4.979149010194247;20
5;90;90;0.0092;15;1;15;1.0;1.0;1.0;3.972047479628964;2;ea.p.s.sphere-20;differentialEvolution;minimize;3.972047479628964;20
10;165;165;0.0131;15;1;15;1.0;1.0;1.0;2.077999849727955;2;ea.p.s.sphere-20;differentialEvolution;minimize;2.077999849727955;20
15;240;240;0.0157;15;1;15;1.0;1.0;1.0;1.3052734270947792;2;ea.p.s.sphere-20;differentialEvolution;minimize;1.3052734270947792;20
20;315;315;0.0179;15;1;15;1.0;1.0;1.0;0.9070045251116061;2;ea.p.s.sphere-20;differentialEvolution;minimize;0.9070045251116061;20
25;390;390;0.0197;15;1;15;1.0;1.0;1.0;0.7497450926152373;2;ea.p.s.sphere-20;differentialEvolution;minimize;0.7497450926152373;20
30;465;465;0.0211;15;1;15;1.0;1.0;1.0;0.5375589387783984;2;ea.p.s.sphere-20;differentialEvolution;minimize;0.5375589387783984;20
0;100;100;0.0007;100;1;100;1.0;1.0;1.0;2.4187929290386645;1;ea.p.s.sphere-20;pso;minimize;2.4187929290386645;20
0;100;100;0.0004;100;1;100;1.0;1.0;1.0;3.5158575996046184;2;ea.p.s.sphere-20;pso;minimize;3.5158575996046184;20
0;30;30;0.0002;30;1;30;1.0;1.0;1.0;2.4187929290386645;1;ea.p.s.sphere-20;es-0.02;minimize;2.4187929290386645;20
5;180;180;0.0008;30;1;30;1.0;1.0;1.0;0.18883852005654272;1;ea.p.s.sphere-20;es-0.02;minimize;0.18883852005654272;20
10;330;330;0.0024;30;1;30;1.0;1.0;1.0;0.11029059204767694;1;ea.p.s.sphere-20;es-0.02;minimize;0.11029059204767694;20
15;480;480;0.0042;30;1;30;1.0;1.0;1.0;0.11029059204767694;1;ea.p.s.sphere-20;es-0.02;minimize;0.11029059204767694;20
0;30;30;0.001;30;1;30;1.0;1.0;1.0;3.5158575996046184;2;ea.p.s.sphere-20;es-0.02;minimize;3.5158575996046184;20
5;180;180;0.0019;30;1;30;1.0;1.0;1.0;0.2681125676019049;2;ea.p.s.sphere-20;es-0.02;minimize;0.2681125676019049;20
10;330;330;0.0025;30;1;30;1.0;1.0;1.0;0.16421972092037904;2;ea.p.s.sphere-20;es-0.02;minimize;0.16421972092037904;20
15;480;480;0.0031;30;1;30;1.0;1.0;1.0;0.16421972092037904;2;ea.p.s.sphere-20;es-0.02;minimize;0.16421972092037904;20
0;30;30;0.0004;30;1;30;1.0;1.0;1.0;2.4187929290386645;1;ea.p.s.sphere-20;es-0.25;minimize;2.4187929290386645;20
5;180;180;0.0014;30;1;30;1.0;1.0;1.0;1.3463391202614572;1;ea.p.s.sphere-20;es-0.25;minimize;1.3463391202614572;20
10;330;330;0.0026;30;1;30;1.0;1.0;1.0;1.3463391202614572;1;ea.p.s.sphere-20;es-0.25;minimize;1.3463391202614572;20
15;480;480;0.0042;30;1;30;1.0;1.0;1.0;1.3463391202614572;1;ea.p.s.sphere-20;es-0.25;minimize;1.3463391202614572;20
0;30;30;0.0005;30;1;30;1.0;1.0;1.0;3.5158575996046184;2;ea.p.s.sphere-20;es-0.25;minimize;3.5158575996046184;20
5;180;180;0.0015;30;1;30;1.0;1.0;1.0;2.1608056210833326;2;ea.p.s.sphere-20;es-0.25;minimize;2.1608056210833326;20
10;330;330;0.0023;30;1;30;1.0;1.0;1.0;2.1600384371794483;2;ea.p.s.sphere-20;es-0.25;minimize;2.1600384371794483;20
15;480;480;0.0028;30;1;30;1.0;1.0;1.0;2.1600384371794483;2;ea.p.s.sphere-20;es-0.25;minimize;2.1600384371794483;20
0;30;30;0.0002;30;1;30;1.0;1.0;1.0;2.4187929290386645;1;ea.p.s.sphere-20;es-0.5;minimize;2.4187929290386645;20
5;180;180;0.0007;30;1;30;1.0;1.0;1.0;2.4187929290386645;1;ea.p.s.sphere-20;es-0.5;minimize;2.4187929290386645;20
10;330;330;0.0012;30;1;30;1.0;1.0;1.0;2.4187929290386645;1;ea.p.s.sphere-20;es-0.5;minimize;2.4187929290386645;20
15;480;480;0.0017;30;1;30;1.0;1.0;1.0;2.4187929290386645;1;ea.p.s.sphere-20;es-0.5;minimize;2.4187929290386645;20
0;30;30;0.0002;30;1;30;1.0;1.0;1.0;3.5158575996046184;2;ea.p.s.sphere-20;es-0.5;minimize;3.5158575996046184;20
5;180;180;0.0007;30;1;30;1.0;1.0;1.0;3.5158575996046184;2;ea.p.s.sphere-20;es-0.5;minimize;3.5158575996046184;20
10;330;330;0.0011;30;1;30;1.0;1.0;1.0;3.5158575996046184;2;ea.p.s.sphere-20;es-0.5;minimize;3.5158575996046184;20
15;480;480;0.0016;30;1;30;1.0;1.0;1.0;3.5158575996046184;2;ea.p.s.sphere-20;es-0.5;minimize;3.5158575996046184;20
0;100;100;0.0004;100;1;100;1.0;1.0;1.0;2.4187929290386645;1;ea.p.s.sphere-20;ga-0.02;minimize;2.4187929290386645;20
0;100;100;0.001;100;1;100;1.0;1.0;1.0;3.5158575996046184;2;ea.p.s.sphere-20;ga-0.02;minimize;3.5158575996046184;20
0;100;100;0.0011;100;1;100;1.0;1.0;1.0;2.4187929290386645;1;ea.p.s.sphere-20;ga-0.25;minimize;2.4187929290386645;20
0;100;100;0.0024;100;1;100;1.0;1.0;1.0;3.5158575996046184;2;ea.p.s.sphere-20;ga-0.25;minimize;3.5158575996046184;20
0;100;100;0.0015;100;1;100;1.0;1.0;1.0;2.4187929290386645;1;ea.p.s.sphere-20;ga-0.5;minimize;2.4187929290386645;20
0;100;100;0.0021;100;1;100;1.0;1.0;1.0;3.5158575996046184;2;ea.p.s.sphere-20;ga-0.5;minimize;3.5158575996046184;20
5;60;60;0.0212;12;1;12;1.0;1.0;1.0;3.458931086776872;1;ea.p.s.pointAiming-20-1;cmaEs;minimize;3.458931086776872;20
10;120;120;0.0338;12;1;12;1.0;1.0;1.0;2.3988917999533745;1;ea.p.s.pointAiming-20-1;cmaEs;minimize;2.3988917999533745;20
15;180;180;0.0428;12;1;12;1.0;1.0;1.0;2.4442416293912155;1;ea.p.s.pointAiming-20-1;cmaEs;minimize;2.4442416293912155;20
20;240;240;0.0524;12;1;12;1.0;1.0;1.0;1.7972228014452984;1;ea.p.s.pointAiming-20-1;cmaEs;minimize;1.7972228014452984;20
25;300;300;0.063;12;1;12;1.0;1.0;1.0;1.3756788070219048;1;ea.p.s.pointAiming-20-1;cmaEs;minimize;1.3756788070219048;20
30;360;360;0.0727;12;1;12;1.0;1.0;1.0;1.0600778201697456;1;ea.p.s.pointAiming-20-1;cmaEs;minimize;1.0600778201697456;20
35;420;420;0.0807;12;1;12;1.0;1.0;1.0;0.806456112198122;1;ea.p.s.pointAiming-20-1;cmaEs;minimize;0.806456112198122;20
40;480;480;0.09;12;1;12;1.0;1.0;1.0;0.6769056534762166;1;ea.p.s.pointAiming-20-1;cmaEs;minimize;0.6769056534762166;20
5;60;60;0.0172;12;1;12;1.0;1.0;1.0;3.5239728672590496;2;ea.p.s.pointAiming-20-1;cmaEs;minimize;3.5239728672590496;20
10;120;120;0.0272;12;1;12;1.0;1.0;1.0;2.5287587765485324;2;ea.p.s.pointAiming-20-1;cmaEs;minimize;2.5287587765485324;20
15;180;180;0.0395;12;1;12;1.0;1.0;1.0;1.7642401583537681;2;ea.p.s.pointAiming-20-1;cmaEs;minimize;1.7642401583537681;20
20;240;240;0.0515;12;1;12;1.0;1.0;1.0;1.709929130366777;2;ea.p.s.pointAiming-20-1;cmaEs;minimize;1.709929130366777;20
25;300;300;0.0644;12;1;12;1.0;1.0;1.0;1.5190072976345772;2;ea.p.s.pointAiming-20-1;cmaEs;minimize;1.5190072976345772;20
30;360;360;0.073;12;1;12;1.0;1.0;1.0;1.013755090242642;2;ea.p.s.pointAiming-20-1;cmaEs;minimize;1.013755090242642;20
35;420;420;0.0839;12;1;12;1.0;1.0;1.0;0.894093558648052;2;ea.p.s.pointAiming-20-1;cmaEs;minimize;0.894093558648052;20
40;480;480;0.0963;12;1;12;1.0;1.0;1.0;0.556322292558053;2;ea.p.s.pointAiming-20-1;cmaEs;minimize;0.556322292558053;20
0;15;15;0.0006;15;1;15;1.0;1.0;1.0;3.848931082110801;1;ea.p.s.pointAiming-20-1;differentialEvolution;minimize;3.848931082110801;20
5;90;90;0.0069;15;1;15;1.0;1.0;1.0;2.766827280736717;1;ea.p.s.pointAiming-20-1;differentialEvolution;minimize;2.766827280736717;20
10;165;165;0.0185;15;1;15;1.0;1.0;1.0;2.519188980939871;1;ea.p.s.pointAiming-20-1;differentialEvolution;minimize;2.519188980939871;20
15;240;240;0.0258;15;1;15;1.0;1.0;1.0;2.3898053755985664;1;ea.p.s.pointAiming-20-1;differentialEvolution;minimize;2.3898053755985664;20
20;315;315;0.0341;15;1;15;1.0;1.0;1.0;2.0454099627245386;1;ea.p.s.pointAiming-20-1;differentialEvolution;minimize;2.0454099627245386;20
25;390;390;0.0421;15;1;15;1.0;1.0;1.0;1.5629832883672148;1;ea.p.s.pointAiming-20-1;differentialEvolution;minimize;1.5629832883672148;20
30;465;465;0.0488;15;1;15;1.0;1.0;1.0;1.4094790570557283;1;ea.p.s.pointAiming-20-1;differentialEvolution;minimize;1.4094790570557283;20
0;15;15;0.0007;15;1;15;1.0;1.0;1.0;4.4084229979857;2;ea.p.s.pointAiming-20-1;differentialEvolution;minimize;4.4084229979857;20
5;90;90;0.0088;15;1;15;1.0;1.0;1.0;3.373200269412595;2;ea.p.s.pointAiming-20-1;differentialEvolution;minimize;3.373200269412595;20
10;165;165;0.0142;15;1;15;1.0;1.0;1.0;2.966778879874768;2;ea.p.s.pointAiming-20-1;differentialEvolution;minimize;2.966778879874768;20
15;240;240;0.019;15;1;15;1.0;1.0;1.0;2.56214657402279;2;ea.p.s.pointAiming-20-1;differentialEvolution;minimize;2.56214657402279;20
20;315;315;0.0241;15;1;15;1.0;1.0;1.0;2.2813747863902436;2;ea.p.s.pointAiming-20-1;differentialEvolution;minimize;2.2813747863902436;20
25;390;390;0.0328;15;1;15;1.0;1.0;1.0;2.070666426289363;2;ea.p.s.pointAiming-20-1;differentialEvolution;minimize;2.070666426289363;20
30;465;465;0.0419;15;1;15;1.0;1.0;1.0;1.6361597161836636;2;ea.p.s.pointAiming-20-1;differentialEvolution;minimize;1.6361597161836636;20
0;100;100;0.0023;100;1;100;1.0;1.0;1.0;3.8070001585176847;1;ea.p.s.pointAiming-20-1;pso;minimize;3.8070001585176847;20
0;100;100;0.0013;100;1;100;1.0;1.0;1.0;4.035856652709588;2;ea.p.s.pointAiming-20-1;pso;minimize;4.035856652709588;20
0;30;30;0.0007;30;1;30;1.0;1.0;1.0;3.848931082110801;1;ea.p.s.pointAiming-20-1;es-0.02;minimize;3.848931082110801;20
5;180;180;0.0029;30;1;30;1.0;1.0;1.0;3.0660269741547723;1;ea.p.s.pointAiming-20-1;es-0.02;minimize;3.0660269741547723;20
10;330;330;0.0046;30;1;30;1.0;1.0;1.0;2.192211281203903;1;ea.p.s.pointAiming-20-1;es-0.02;minimize;2.192211281203903;20
15;480;480;0.0097;30;1;30;1.0;1.0;1.0;1.370754379671906;1;ea.p.s.pointAiming-20-1;es-0.02;minimize;1.370754379671906;20
0;30;30;0.0012;30;1;30;1.0;1.0;1.0;4.035856652709588;2;ea.p.s.pointAiming-20-1;es-0.02;minimize;4.035856652709588;20
5;180;180;0.0034;30;1;30;1.0;1.0;1.0;2.9018992489764854;2;ea.p.s.pointAiming-20-1;es-0.02;minimize;2.9018992489764854;20
10;330;330;0.0051;30;1;30;1.0;1.0;1.0;2.2948584304006276;2;ea.p.s.pointAiming-20-1;es-0.02;minimize;2.2948584304006276;20
15;480;480;0.0082;30;1;30;1.0;1.0;1.0;1.5499004043485307;2;ea.p.s.pointAiming-20-1;es-0.02;minimize;1.5499004043485307;20
0;30;30;0.0009;30;1;30;1.0;1.0;1.0;3.848931082110801;1;ea.p.s.pointAiming-20-1;es-0.25;minimize;3.848931082110801;20
5;180;180;0.0027;30;1;30;1.0;1.0;1.0;2.6135849229091774;1;ea.p.s.pointAiming-20-1;es-0.25;minimize;2.6135849229091774;20
10;330;330;0.0043;30;1;30;1.0;1.0;1.0;1.6657778550402083;1;ea.p.s.pointAiming-20-1;es-0.25;minimize;1.6657778550402083;20
15;480;480;0.0057;30;1;30;1.0;1.0;1.0;1.6167271902125726;1;ea.p.s.pointAiming-20-1;es-0.25;minimize;1.6167271902125726;20
0;30;30;0.0008;30;1;30;1.0;1.0;1.0;4.035856652709588;2;ea.p.s.pointAiming-20-1;es-0.25;minimize;4.035856652709588;20
5;180;180;0.0028;30;1;30;1.0;1.0;1.0;2.1342778236418547;2;ea.p.s.pointAiming-20-1;es-0.25;minimize;2.1342778236418547;20
10;330;330;0.0042;30;1;30;1.0;1.0;1.0;1.5143384842150174;2;ea.p.s.pointAiming-20-1;es-0.25;minimize;1.5143384842150174;20
15;480;480;0.0062;30;1;30;1.0;1.0;1.0;1.4431662336414905;2;ea.p.s.pointAiming-20-1;es-0.25;minimize;1.4431662336414905;20
0;30;30;0.0007;30;1;30;1.0;1.0;1.0;3.848931082110801;1;ea.p.s.pointAiming-20-1;es-0.5;minimize;3.848931082110801;20
5;180;180;0.0025;30;1;30;1.0;1.0;1.0;2.9402163104866856;1;ea.p.s.pointAiming-20-1;es-0.5;minimize;2.9402163104866856;20
10;330;330;0.0045;30;1;30;1.0;1.0;1.0;2.0262257193665154;1;ea.p.s.pointAiming-20-1;es-0.5;minimize;2.0262257193665154;20
15;480;480;0.0066;30;1;30;1.0;1.0;1.0;2.0262257193665154;1;ea.p.s.pointAiming-20-1;es-0.5;minimize;2.0262257193665154;20
0;30;30;0.0008;30;1;30;1.0;1.0;1.0;4.035856652709588;2;ea.p.s.pointAiming-20-1;es-0.5;minimize;4.035856652709588;20
5;180;180;0.0024;30;1;30;1.0;1.0;1.0;2.609085871595442;2;ea.p.s.pointAiming-20-1;es-0.5;minimize;2.609085871595442;20
10;330;330;0.0041;30;1;30;1.0;1.0;1.0;2.1049742108511165;2;ea.p.s.pointAiming-20-1;es-0.5;minimize;2.1049742108511165;20
15;480;480;0.0059;30;1;30;1.0;1.0;1.0;1.9768871150835243;2;ea.p.s.pointAiming-20-1;es-0.5;minimize;1.9768871150835243;20
0;100;100;0.002;100;1;100;1.0;1.0;1.0;3.8070001585176847;1;ea.p.s.pointAiming-20-1;ga-0.02;minimize;3.8070001585176847;20
0;100;100;0.0023;100;1;100;1.0;1.0;1.0;4.035856652709588;2;ea.p.s.pointAiming-20-1;ga-0.02;minimize;4.035856652709588;20
0;100;100;0.0016;100;1;100;1.0;1.0;1.0;3.8070001585176847;1;ea.p.s.pointAiming-20-1;ga-0.25;minimize;3.8070001585176847;20
0;100;100;0.0018;100;1;100;1.0;1.0;1.0;4.035856652709588;2;ea.p.s.pointAiming-20-1;ga-0.25;minimize;4.035856652709588;20
0;100;100;0.0011;100;1;100;1.0;1.0;1.0;3.8070001585176847;1;ea.p.s.pointAiming-20-1;ga-0.5;minimize;3.8070001585176847;20
0;100;100;0.0034;100;1;100;1.0;1.0;1.0;4.035856652709588;2;ea.p.s.pointAiming-20-1;ga-0.5;minimize;4.035856652709588;20
5;60;60;0.0193;12;1;12;1.0;1.0;1.0;41.612052926481624;1;ea.p.s.pointAiming-20-10;cmaEs;minimize;41.612052926481624;20
10;120;120;0.0289;12;1;12;1.0;1.0;1.0;36.71271451676174;1;ea.p.s.pointAiming-20-10;cmaEs;minimize;36.71271451676174;20
15;180;180;0.0394;12;1;12;1.0;1.0;1.0;28.253026389305404;1;ea.p.s.pointAiming-20-10;cmaEs;minimize;28.253026389305404;20
20;240;240;0.0488;12;1;12;1.0;1.0;1.0;22.774590265285028;1;ea.p.s.pointAiming-20-10;cmaEs;minimize;22.774590265285028;20
25;300;300;0.0594;12;1;12;1.0;1.0;1.0;19.410627438894576;1;ea.p.s.pointAiming-20-10;cmaEs;minimize;19.410627438894576;20
30;360;360;0.0714;12;1;12;1.0;1.0;1.0;15.491163164904094;1;ea.p.s.pointAiming-20-10;cmaEs;minimize;15.491163164904094;20
35;420;420;0.085;12;1;12;1.0;1.0;1.0;12.587381810971241;1;ea.p.s.pointAiming-20-10;cmaEs;minimize;12.587381810971241;20
40;480;480;0.1054;12;1;12;1.0;1.0;1.0;11.00117279014363;1;ea.p.s.pointAiming-20-10;cmaEs;minimize;11.00117279014363;20
5;60;60;0.0319;12;1;12;1.0;1.0;1.0;41.8857899190229;2;ea.p.s.pointAiming-20-10;cmaEs;minimize;41.8857899190229;20
10;120;120;0.0501;12;1;12;1.0;1.0;1.0;37.6704209712329;2;ea.p.s.pointAiming-20-10;cmaEs;minimize;37.6704209712329;20
15;180;180;0.0661;12;1;12;1.0;1.0;1.0;28.89033642671561;2;ea.p.s.pointAiming-20-10;cmaEs;minimize;28.89033642671561;20
20;240;240;0.0864;12;1;12;1.0;1.0;1.0;20.171602489811924;2;ea.p.s.pointAiming-20-10;cmaEs;minimize;20.171602489811924;20
25;300;300;0.101;12;1;12;1.0;1.0;1.0;18.580032721844677;2;ea.p.s.pointAiming-20-10;cmaEs;minimize;18.580032721844677;20
30;360;360;0.1117;12;1;12;1.0;1.0;1.0;14.058363718808822;2;ea.p.s.pointAiming-20-10;cmaEs;minimize;14.058363718808822;20
35;420;420;0.1279;12;1;12;1.0;1.0;1.0;9.905520415984926;2;ea.p.s.pointAiming-20-10;cmaEs;minimize;9.905520415984926;20
40;480;480;0.1361;12;1;12;1.0;1.0;1.0;7.817320273790833;2;ea.p.s.pointAiming-20-10;cmaEs;minimize;7.817320273790833;20
0;15;15;0.0009;15;1;15;1.0;1.0;1.0;43.12458602206403;1;ea.p.s.pointAiming-20-10;differentialEvolution;minimize;43.12458602206403;20
5;90;90;0.0066;15;1;15;1.0;1.0;1.0;41.63740224419307;1;ea.p.s.pointAiming-20-10;differentialEvolution;minimize;41.63740224419307;20
10;165;165;0.0164;15;1;15;1.0;1.0;1.0;39.52053537602569;1;ea.p.s.pointAiming-20-10;differentialEvolution;minimize;39.52053537602569;20
15;240;240;0.0254;15;1;15;1.0;1.0;1.0;38.601855205726885;1;ea.p.s.pointAiming-20-10;differentialEvolution;minimize;38.601855205726885;20
20;315;315;0.035;15;1;15;1.0;1.0;1.0;35.95065287313855;1;ea.p.s.pointAiming-20-10;differentialEvolution;minimize;35.95065287313855;20
25;390;390;0.0448;15;1;15;1.0;1.0;1.0;33.67373088871916;1;ea.p.s.pointAiming-20-10;differentialEvolution;minimize;33.67373088871916;20
30;465;465;0.0519;15;1;15;1.0;1.0;1.0;31.78873970711926;1;ea.p.s.pointAiming-20-10;differentialEvolution;minimize;31.78873970711926;20
0;15;15;0.0007;15;1;15;1.0;1.0;1.0;44.01309636679264;2;ea.p.s.pointAiming-20-10;differentialEvolution;minimize;44.01309636679264;20
5;90;90;0.0094;15;1;15;1.0;1.0;1.0;41.550862641754364;2;ea.p.s.pointAiming-20-10;differentialEvolution;minimize;41.550862641754364;20
10;165;165;0.0149;15;1;15;1.0;1.0;1.0;38.88758031558963;2;ea.p.s.pointAiming-20-10;differentialEvolution;minimize;38.88758031558963;20
15;240;240;0.0218;15;1;15;1.0;1.0;1.0;36.76704066086402;2;ea.p.s.pointAiming-20-10;differentialEvolution;minimize;36.76704066086402;20
20;315;315;0.0331;15;1;15;1.0;1.0;1.0;31.779558518489115;2;ea.p.s.pointAiming-20-10;differentialEvolution;minimize;31.779558518489115;20
25;390;390;0.0393;15;1;15;1.0;1.0;1.0;30.48408480015619;2;ea.p.s.pointAiming-20-10;differentialEvolution;minimize;30.48408480015619;20
30;465;465;0.0463;15;1;15;1.0;1.0;1.0;29.958139314184084;2;ea.p.s.pointAiming-20-10;differentialEvolution;minimize;29.958139314184084;20
0;100;100;0.0018;100;1;100;1.0;1.0;1.0;43.12458602206403;1;ea.p.s.pointAiming-20-10;pso;minimize;43.12458602206403;20
0;100;100;0.0012;100;1;100;1.0;1.0;1.0;43.60429629097396;2;ea.p.s.pointAiming-20-10;pso;minimize;43.60429629097396;20
0;30;30;0.0011;30;1;30;1.0;1.0;1.0;43.12458602206403;1;ea.p.s.pointAiming-20-10;es-0.02;minimize;43.12458602206403;20
5;180;180;0.0041;30;1;30;1.0;1.0;1.0;42.916610852158605;1;ea.p.s.pointAiming-20-10;es-0.02;minimize;42.916610852158605;20
10;330;330;0.0066;30;1;30;1.0;1.0;1.0;42.018697866730015;1;ea.p.s.pointAiming-20-10;es-0.02;minimize;42.018697866730015;20
15;480;480;0.0098;30;1;30;1.0;1.0;1.0;41.08426819093757;1;ea.p.s.pointAiming-20-10;es-0.02;minimize;41.08426819093757;20
0;30;30;0.0021;30;1;30;1.0;1.0;1.0;43.60429629097396;2;ea.p.s.pointAiming-20-10;es-0.02;minimize;43.60429629097396;20
5;180;180;0.0105;30;1;30;1.0;1.0;1.0;42.9080691631982;2;ea.p.s.pointAiming-20-10;es-0.02;minimize;42.9080691631982;20
10;330;330;0.0185;30;1;30;1.0;1.0;1.0;42.28471047778112;2;ea.p.s.pointAiming-20-10;es-0.02;minimize;42.28471047778112;20
15;480;480;0.0222;30;1;30;1.0;1.0;1.0;41.51986222800527;2;ea.p.s.pointAiming-20-10;es-0.02;minimize;41.51986222800527;20
0;30;30;0.0011;30;1;30;1.0;1.0;1.0;43.12458602206403;1;ea.p.s.pointAiming-20-10;es-0.25;minimize;43.12458602206403;20
5;180;180;0.0055;30;1;30;1.0;1.0;1.0;41.079016407325035;1;ea.p.s.pointAiming-20-10;es-0.25;minimize;41.079016407325035;20
10;330;330;0.0079;30;1;30;1.0;1.0;1.0;37.901550106945884;1;ea.p.s.pointAiming-20-10;es-0.25;minimize;37.901550106945884;20
15;480;480;0.0115;30;1;30;1.0;1.0;1.0;34.614664207565106;1;ea.p.s.pointAiming-20-10;es-0.25;minimize;34.614664207565106;20
0;30;30;0.0009;30;1;30;1.0;1.0;1.0;43.60429629097396;2;ea.p.s.pointAiming-20-10;es-0.25;minimize;43.60429629097396;20
5;180;180;0.0054;30;1;30;1.0;1.0;1.0;40.192843196456735;2;ea.p.s.pointAiming-20-10;es-0.25;minimize;40.192843196456735;20
10;330;330;0.008;30;1;30;1.0;1.0;1.0;37.988092843360405;2;ea.p.s.pointAiming-20-10;es-0.25;minimize;37.988092843360405;20
15;480;480;0.0098;30;1;30;1.0;1.0;1.0;35.24676856768457;2;ea.p.s.pointAiming-20-10;es-0.25;minimize;35.24676856768457;20
0;30;30;0.0029;30;1;30;1.0;1.0;1.0;43.12458602206403;1;ea.p.s.pointAiming-20-10;es-0.5;minimize;43.12458602206403;20
5;180;180;0.007;30;1;30;1.0;1.0;1.0;40.02419259405498;1;ea.p.s.pointAiming-20-10;es-0.5;minimize;40.02419259405498;20
10;330;330;0.0094;30;1;30;1.0;1.0;1.0;35.51046922863714;1;ea.p.s.pointAiming-20-10;es-0.5;minimize;35.51046922863714;20
15;480;480;0.0113;30;1;30;1.0;1.0;1.0;30.901527157549328;1;ea.p.s.pointAiming-20-10;es-0.5;minimize;30.901527157549328;20
0;30;30;0.0013;30;1;30;1.0;1.0;1.0;43.60429629097396;2;ea.p.s.pointAiming-20-10;es-0.5;minimize;43.60429629097396;20
5;180;180;0.0037;30;1;30;1.0;1.0;1.0;38.699750335629325;2;ea.p.s.pointAiming-20-10;es-0.5;minimize;38.699750335629325;20
10;330;330;0.0056;30;1;30;1.0;1.0;1.0;35.56992627499945;2;ea.p.s.pointAiming-20-10;es-0.5;minimize;35.56992627499945;20
15;480;480;0.0076;30;1;30;1.0;1.0;1.0;31.65870084155501;2;ea.p.s.pointAiming-20-10;es-0.5;minimize;31.65870084155501;20
0;100;100;0.0021;100;1;100;1.0;1.0;1.0;43.12458602206403;1;ea.p.s.pointAiming-20-10;ga-0.02;minimize;43.12458602206403;20
0;100;100;0.0014;100;1;100;1.0;1.0;1.0;43.60429629097396;2;ea.p.s.pointAiming-20-10;ga-0.02;minimize;43.60429629097396;20
0;100;100;0.0014;100;1;100;1.0;1.0;1.0;43.12458602206403;1;ea.p.s.pointAiming-20-10;ga-0.25;minimize;43.12458602206403;20
0;100;100;0.0014;100;1;100;1.0;1.0;1.0;43.60429629097396;2;ea.p.s.pointAiming-20-10;ga-0.25;minimize;43.60429629097396;20
0;100;100;0.0012;100;1;100;1.0;1.0;1.0;43.12458602206403;1;ea.p.s.pointAiming-20-10;ga-0.5;minimize;43.12458602206403;20
0;100;100;0.0014;100;1;100;1.0;1.0;1.0;43.60429629097396;2;ea.p.s.pointAiming-20-10;ga-0.5;minimize;43.60429629097396;20
5;60;60;0.0245;12;1;12;1.0;1.0;1.0;3.1774752951447827;1;ea.p.s.circularPointAiming-20;cmaEs;minimize;3.1774752951447827;20
10;120;120;0.0383;12;1;12;1.0;1.0;1.0;2.3583157478558787;1;ea.p.s.circularPointAiming-20;cmaEs;minimize;2.3583157478558787;20
15;180;180;0.0492;12;1;12;1.0;1.0;1.0;2.026904253487517;1;ea.p.s.circularPointAiming-20;cmaEs;minimize;2.026904253487517;20
20;240;240;0.0645;12;1;12;1.0;1.0;1.0;1.9951147797561433;1;ea.p.s.circularPointAiming-20;cmaEs;minimize;1.9951147797561433;20
25;300;300;0.0765;12;1;12;1.0;1.0;1.0;1.225195502314816;1;ea.p.s.circularPointAiming-20;cmaEs;minimize;1.225195502314816;20
30;360;360;0.089;12;1;12;1.0;1.0;1.0;1.013729671004572;1;ea.p.s.circularPointAiming-20;cmaEs;minimize;1.013729671004572;20
35;420;420;0.1022;12;1;12;1.0;1.0;1.0;0.6331464759854744;1;ea.p.s.circularPointAiming-20;cmaEs;minimize;0.6331464759854744;20
40;480;480;0.1182;12;1;12;1.0;1.0;1.0;0.5323872040035901;1;ea.p.s.circularPointAiming-20;cmaEs;minimize;0.5323872040035901;20
5;60;60;0.0216;12;1;12;1.0;1.0;1.0;3.3221963988558825;2;ea.p.s.circularPointAiming-20;cmaEs;minimize;3.3221963988558825;20
10;120;120;0.0344;12;1;12;1.0;1.0;1.0;2.380864911488882;2;ea.p.s.circularPointAiming-20;cmaEs;minimize;2.380864911488882;20
15;180;180;0.0444;12;1;12;1.0;1.0;1.0;2.2348424216480756;2;ea.p.s.circularPointAiming-20;cmaEs;minimize;2.2348424216480756;20
20;240;240;0.0581;12;1;12;1.0;1.0;1.0;1.6712139700454949;2;ea.p.s.circularPointAiming-20;cmaEs;minimize;1.6712139700454949;20
25;300;300;0.0699;12;1;12;1.0;1.0;1.0;1.4396697855173815;2;ea.p.s.circularPointAiming-20;cmaEs;minimize;1.4396697855173815;20
30;360;360;0.0835;12;1;12;1.0;1.0;1.0;0.9592011615127191;2;ea.p.s.circularPointAiming-20;cmaEs;minimize;0.9592011615127191;20
35;420;420;0.1081;12;1;12;1.0;1.0;1.0;0.7982608185528938;2;ea.p.s.circularPointAiming-20;cmaEs;minimize;0.7982608185528938;20
40;480;480;0.1335;12;1;12;1.0;1.0;1.0;0.5628063390839901;2;ea.p.s.circularPointAiming-20;cmaEs;minimize;0.5628063390839901;20
0;15;15;0.0022;15;1;15;1.0;1.0;1.0;3.7923840013139913;1;ea.p.s.circularPointAiming-20;differentialEvolution;minimize;3.7923840013139913;20
5;90;90;0.025;15;1;15;1.0;1.0;1.0;2.9846417994502454;1;ea.p.s.circularPointAiming-20;differentialEvolution;minimize;2.9846417994502454;20
10;165;165;0.039;15;1;15;1.0;1.0;1.0;2.380307846036592;1;ea.p.s.circularPointAiming-20;differentialEvolution;minimize;2.380307846036592;20
15;240;240;0.0506;15;1;15;1.0;1.0;1.0;1.7739523450948589;1;ea.p.s.circularPointAiming-20;differentialEvolution;minimize;1.7739523450948589;20
20;315;315;0.0613;15;1;15;1.0;1.0;1.0;1.540511659765406;1;ea.p.s.circularPointAiming-20;differentialEvolution;minimize;1.540511659765406;20
25;390;390;0.0703;15;1;15;1.0;1.0;1.0;1.3267971904987512;1;ea.p.s.circularPointAiming-20;differentialEvolution;minimize;1.3267971904987512;20
30;465;465;0.0826;15;1;15;1.0;1.0;1.0;1.185659887441531;1;ea.p.s.circularPointAiming-20;differentialEvolution;minimize;1.185659887441531;20
0;15;15;0.0017;15;1;15;1.0;1.0;1.0;4.150015894772524;2;ea.p.s.circularPointAiming-20;differentialEvolution;minimize;4.150015894772524;20
5;90;90;0.0104;15;1;15;1.0;1.0;1.0;3.895533799919447;2;ea.p.s.circularPointAiming-20;differentialEvolution;minimize;3.895533799919447;20
10;165;165;0.0211;15;1;15;1.0;1.0;1.0;2.9035975040492055;2;ea.p.s.circularPointAiming-20;differentialEvolution;minimize;2.9035975040492055;20
15;240;240;0.0328;15;1;15;1.0;1.0;1.0;2.6021885692799125;2;ea.p.s.circularPointAiming-20;differentialEvolution;minimize;2.6021885692799125;20
20;315;315;0.0416;15;1;15;1.0;1.0;1.0;2.141392401984201;2;ea.p.s.circularPointAiming-20;differentialEvolution;minimize;2.141392401984201;20
25;390;390;0.0529;15;1;15;1.0;1.0;1.0;1.769345885719649;2;ea.p.s.circularPointAiming-20;differentialEvolution;minimize;1.769345885719649;20
30;465;465;0.0638;15;1;15;1.0;1.0;1.0;1.5484879880559785;2;ea.p.s.circularPointAiming-20;differentialEvolution;minimize;1.5484879880559785;20
0;100;100;0.0047;100;1;100;1.0;1.0;1.0;3.5020214768552096;1;ea.p.s.circularPointAiming-20;pso;minimize;3.5020214768552096;20
0;100;100;0.0046;100;1;100;1.0;1.0;1.0;3.8703448050911313;2;ea.p.s.circularPointAiming-20;pso;minimize;3.8703448050911313;20
0;30;30;0.0035;30;1;30;1.0;1.0;1.0;3.7923840013139913;1;ea.p.s.circularPointAiming-20;es-0.02;minimize;3.7923840013139913;20
5;180;180;0.0137;30;1;30;1.0;1.0;1.0;2.695124733876655;1;ea.p.s.circularPointAiming-20;es-0.02;minimize;2.695124733876655;20
10;330;330;0.0245;30;1;30;1.0;1.0;1.0;1.9371111568824118;1;ea.p.s.circularPointAiming-20;es-0.02;minimize;1.9371111568824118;20
15;480;480;0.0406;30;1;30;1.0;1.0;1.0;1.2285318827202298;1;ea.p.s.circularPointAiming-20;es-0.02;minimize;1.2285318827202298;20
0;30;30;0.0035;30;1;30;1.0;1.0;1.0;3.8703448050911313;2;ea.p.s.circularPointAiming-20;es-0.02;minimize;3.8703448050911313;20
5;180;180;0.0155;30;1;30;1.0;1.0;1.0;2.9018377564975557;2;ea.p.s.circularPointAiming-20;es-0.02;minimize;2.9018377564975557;20
10;330;330;0.0264;30;1;30;1.0;1.0;1.0;2.217002989531247;2;ea.p.s.circularPointAiming-20;es-0.02;minimize;2.217002989531247;20
15;480;480;0.0366;30;1;30;1.0;1.0;1.0;1.570609289021653;2;ea.p.s.circularPointAiming-20;es-0.02;minimize;1.570609289021653;20
0;30;30;0.0014;30;1;30;1.0;1.0;1.0;3.7923840013139913;1;ea.p.s.circularPointAiming-20;es-0.25;minimize;3.7923840013139913;20
5;180;180;0.0075;30;1;30;1.0;1.0;1.0;2.3106333971838895;1;ea.p.s.circularPointAiming-20;es-0.25;minimize;2.3106333971838895;20
10;330;330;0.0166;30;1;30;1.0;1.0;1.0;1.489100917049519;1;ea.p.s.circularPointAiming-20;es-0.25;minimize;1.489100917049519;20
15;480;480;0.0222;30;1;30;1.0;1.0;1.0;1.489100917049519;1;ea.p.s.circularPointAiming-20;es-0.25;minimize;1.489100917049519;20
0;30;30;0.0015;30;1;30;1.0;1.0;1.0;3.8703448050911313;2;ea.p.s.circularPointAiming-20;es-0.25;minimize;3.8703448050911313;20
5;180;180;0.0082;30;1;30;1.0;1.0;1.0;2.1492973226226626;2;ea.p.s.circularPointAiming-20;es-0.25;minimize;2.1492973226226626;20
10;330;330;0.0145;30;1;30;1.0;1.0;1.0;1.4983786686284843;2;ea.p.s.circularPointAiming-20;es-0.25;minimize;1.4983786686284843;20
15;480;480;0.0232;30;1;30;1.0;1.0;1.0;1.348641816941658;2;ea.p.s.circularPointAiming-20;es-0.25;minimize;1.348641816941658;20
0;30;30;0.0013;30;1;30;1.0;1.0;1.0;3.7923840013139913;1;ea.p.s.circularPointAiming-20;es-0.5;minimize;3.7923840013139913;20
5;180;180;0.0083;30;1;30;1.0;1.0;1.0;2.6400221212061803;1;ea.p.s.circularPointAiming-20;es-0.5;minimize;2.6400221212061803;20
10;330;330;0.0153;30;1;30;1.0;1.0;1.0;2.2092738079700487;1;ea.p.s.circularPointAiming-20;es-0.5;minimize;2.2092738079700487;20
15;480;480;0.0217;30;1;30;1.0;1.0;1.0;2.2092738079700487;1;ea.p.s.circularPointAiming-20;es-0.5;minimize;2.2092738079700487;20
0;30;30;0.0019;30;1;30;1.0;1.0;1.0;3.8703448050911313;2;ea.p.s.circularPointAiming-20;es-0.5;minimize;3.8703448050911313;20
5;180;180;0.009;30;1;30;1.0;1.0;1.0;2.5552791753132302;2;ea.p.s.circularPointAiming-20;es-0.5;minimize;2.5552791753132302;20
10;330;330;0.0158;30;1;30;1.0;1.0;1.0;1.966011739790842;2;ea.p.s.circularPointAiming-20;es-0.5;minimize;1.966011739790842;20
15;480;480;0.0234;30;1;30;1.0;1.0;1.0;1.966011739790842;2;ea.p.s.circularPointAiming-20;es-0.5;minimize;1.966011739790842;20
0;100;100;0.0036;100;1;100;1.0;1.0;1.0;3.5020214768552096;1;ea.p.s.circularPointAiming-20;ga-0.02;minimize;3.5020214768552096;20
0;100;100;0.0063;100;1;100;1.0;1.0;1.0;3.8703448050911313;2;ea.p.s.circularPointAiming-20;ga-0.02;minimize;3.8703448050911313;20
0;100;100;0.0045;100;1;100;1.0;1.0;1.0;3.5020214768552096;1;ea.p.s.circularPointAiming-20;ga-0.25;minimize;3.5020214768552096;20
0;100;100;0.0053;100;1;100;1.0;1.0;1.0;3.8703448050911313;2;ea.p.s.circularPointAiming-20;ga-0.25;minimize;3.8703448050911313;20
0;100;100;0.005;100;1;100;1.0;1.0;1.0;3.5020214768552096;1;ea.p.s.circularPointAiming-20;ga-0.5;minimize;3.5020214768552096;20
0;100;100;0.0036;100;1;100;1.0;1.0;1.0;3.8703448050911313;2;ea.p.s.circularPointAiming-20;ga-0.5;minimize;3.8703448050911313;20
5;60;60;0.0203;12;1;12;1.0;1.0;1.0;3.3682173194258707;1;ea.p.s.ackley-20;cmaEs;minimize;3.3682173194258707;20
10;120;120;0.031;12;1;12;1.0;1.0;1.0;3.1211764074130177;1;ea.p.s.ackley-20;cmaEs;minimize;3.1211764074130177;20
15;180;180;0.0422;12;1;12;1.0;1.0;1.0;2.768456698943791;1;ea.p.s.ackley-20;cmaEs;minimize;2.768456698943791;20
20;240;240;0.0549;12;1;12;1.0;1.0;1.0;1.9926054497481194;1;ea.p.s.ackley-20;cmaEs;minimize;1.9926054497481194;20
25;300;300;0.0653;12;1;12;1.0;1.0;1.0;1.8986972593842713;1;ea.p.s.ackley-20;cmaEs;minimize;1.8986972593842713;20
30;360;360;0.0774;12;1;12;1.0;1.0;1.0;1.2952372922650537;1;ea.p.s.ackley-20;cmaEs;minimize;1.2952372922650537;20
35;420;420;0.0911;12;1;12;1.0;1.0;1.0;1.0641828792625003;1;ea.p.s.ackley-20;cmaEs;minimize;1.0641828792625003;20
40;480;480;0.1015;12;1;12;1.0;1.0;1.0;1.069137926770051;1;ea.p.s.ackley-20;cmaEs;minimize;1.069137926770051;20
5;60;60;0.0167;12;1;12;1.0;1.0;1.0;3.594250151897182;2;ea.p.s.ackley-20;cmaEs;minimize;3.594250151897182;20
10;120;120;0.0265;12;1;12;1.0;1.0;1.0;3.3200834759445326;2;ea.p.s.ackley-20;cmaEs;minimize;3.3200834759445326;20
15;180;180;0.0381;12;1;12;1.0;1.0;1.0;2.4675000921842103;2;ea.p.s.ackley-20;cmaEs;minimize;2.4675000921842103;20
20;240;240;0.0519;12;1;12;1.0;1.0;1.0;1.7331213835006918;2;ea.p.s.ackley-20;cmaEs;minimize;1.7331213835006918;20
25;300;300;0.0755;12;1;12;1.0;1.0;1.0;1.8042457961239262;2;ea.p.s.ackley-20;cmaEs;minimize;1.8042457961239262;20
30;360;360;0.0932;12;1;12;1.0;1.0;1.0;1.4246420888755584;2;ea.p.s.ackley-20;cmaEs;minimize;1.4246420888755584;20
35;420;420;0.1157;12;1;12;1.0;1.0;1.0;1.0563471052977325;2;ea.p.s.ackley-20;cmaEs;minimize;1.0563471052977325;20
40;480;480;0.139;12;1;12;1.0;1.0;1.0;0.6135687566395664;2;ea.p.s.ackley-20;cmaEs;minimize;0.6135687566395664;20
0;15;15;0.0014;15;1;15;1.0;1.0;1.0;3.576298830415116;1;ea.p.s.ackley-20;differentialEvolution;minimize;3.576298830415116;20
5;90;90;0.0112;15;1;15;1.0;1.0;1.0;3.361267271690075;1;ea.p.s.ackley-20;differentialEvolution;minimize;3.361267271690075;20
10;165;165;0.0203;15;1;15;1.0;1.0;1.0;3.3069209287416794;1;ea.p.s.ackley-20;differentialEvolution;minimize;3.3069209287416794;20
15;240;240;0.0371;15;1;15;1.0;1.0;1.0;2.8619409741025135;1;ea.p.s.ackley-20;differentialEvolution;minimize;2.8619409741025135;20
20;315;315;0.0531;15;1;15;1.0;1.0;1.0;2.4756391100030872;1;ea.p.s.ackley-20;differentialEvolution;minimize;2.4756391100030872;20
25;390;390;0.0744;15;1;15;1.0;1.0;1.0;2.1293018807419846;1;ea.p.s.ackley-20;differentialEvolution;minimize;2.1293018807419846;20
30;465;465;0.0873;15;1;15;1.0;1.0;1.0;1.7194420630510163;1;ea.p.s.ackley-20;differentialEvolution;minimize;1.7194420630510163;20
0;15;15;0.0013;15;1;15;1.0;1.0;1.0;3.5980030225548885;2;ea.p.s.ackley-20;differentialEvolution;minimize;3.5980030225548885;20
5;90;90;0.0123;15;1;15;1.0;1.0;1.0;3.1552523199665257;2;ea.p.s.ackley-20;differentialEvolution;minimize;3.1552523199665257;20
10;165;165;0.0209;15;1;15;1.0;1.0;1.0;2.6627360043120842;2;ea.p.s.ackley-20;differentialEvolution;minimize;2.6627360043120842;20
15;240;240;0.0297;15;1;15;1.0;1.0;1.0;2.566881808710495;2;ea.p.s.ackley-20;differentialEvolution;minimize;2.566881808710495;20
20;315;315;0.0419;15;1;15;1.0;1.0;1.0;1.8932150419067715;2;ea.p.s.ackley-20;differentialEvolution;minimize;1.8932150419067715;20
25;390;390;0.0505;15;1;15;1.0;1.0;1.0;1.6673925426601675;2;ea.p.s.ackley-20;differentialEvolution;minimize;1.6673925426601675;20
30;465;465;0.0605;15;1;15;1.0;1.0;1.0;1.554285147808017;2;ea.p.s.ackley-20;differentialEvolution;minimize;1.554285147808017;20
0;100;100;0.0052;100;1;100;1.0;1.0;1.0;2.864410927670463;1;ea.p.s.ackley-20;pso;minimize;2.864410927670463;20
0;100;100;0.0044;100;1;100;1.0;1.0;1.0;3.113494490313475;2;ea.p.s.ackley-20;pso;minimize;3.113494490313475;20
0;30;30;0.0018;30;1;30;1.0;1.0;1.0;2.864410927670463;1;ea.p.s.ackley-20;es-0.02;minimize;2.864410927670463;20
5;180;180;0.0075;30;1;30;1.0;1.0;1.0;0.8469588318929877;1;ea.p.s.ackley-20;es-0.02;minimize;0.8469588318929877;20
10;330;330;0.0127;30;1;30;1.0;1.0;1.0;0.5752713729182095;1;ea.p.s.ackley-20;es-0.02;minimize;0.5752713729182095;20
15;480;480;0.0182;30;1;30;1.0;1.0;1.0;0.5752713729182095;1;ea.p.s.ackley-20;es-0.02;minimize;0.5752713729182095;20
0;30;30;0.0013;30;1;30;1.0;1.0;1.0;3.214433302629669;2;ea.p.s.ackley-20;es-0.02;minimize;3.214433302629669;20
5;180;180;0.0058;30;1;30;1.0;1.0;1.0;0.8996461768407191;2;ea.p.s.ackley-20;es-0.02;minimize;0.8996461768407191;20
10;330;330;0.0127;30;1;30;1.0;1.0;1.0;0.7324888594205281;2;ea.p.s.ackley-20;es-0.02;minimize;0.7324888594205281;20
15;480;480;0.0174;30;1;30;1.0;1.0;1.0;0.7324888594205281;2;ea.p.s.ackley-20;es-0.02;minimize;0.7324888594205281;20
0;30;30;0.0011;30;1;30;1.0;1.0;1.0;2.864410927670463;1;ea.p.s.ackley-20;es-0.25;minimize;2.864410927670463;20
5;180;180;0.0075;30;1;30;1.0;1.0;1.0;2.78742859438977;1;ea.p.s.ackley-20;es-0.25;minimize;2.78742859438977;20
10;330;330;0.0126;30;1;30;1.0;1.0;1.0;2.5397164376042913;1;ea.p.s.ackley-20;es-0.25;minimize;2.5397164376042913;20
15;480;480;0.0205;30;1;30;1.0;1.0;1.0;2.5397164376042913;1;ea.p.s.ackley-20;es-0.25;minimize;2.5397164376042913;20
0;30;30;0.0028;30;1;30;1.0;1.0;1.0;3.214433302629669;2;ea.p.s.ackley-20;es-0.25;minimize;3.214433302629669;20
5;180;180;0.0091;30;1;30;1.0;1.0;1.0;2.9730954612749945;2;ea.p.s.ackley-20;es-0.25;minimize;2.9730954612749945;20
10;330;330;0.0135;30;1;30;1.0;1.0;1.0;2.3725218195300077;2;ea.p.s.ackley-20;es-0.25;minimize;2.3725218195300077;20
15;480;480;0.0192;30;1;30;1.0;1.0;1.0;2.3725218195300077;2;ea.p.s.ackley-20;es-0.25;minimize;2.3725218195300077;20
0;30;30;0.001;30;1;30;1.0;1.0;1.0;2.864410927670463;1;ea.p.s.ackley-20;es-0.5;minimize;2.864410927670463;20
5;180;180;0.0054;30;1;30;1.0;1.0;1.0;2.864410927670463;1;ea.p.s.ackley-20;es-0.5;minimize;2.864410927670463;20
10;330;330;0.0107;30;1;30;1.0;1.0;1.0;2.864410927670463;1;ea.p.s.ackley-20;es-0.5;minimize;2.864410927670463;20
15;480;480;0.0162;30;1;30;1.0;1.0;1.0;2.864410927670463;1;ea.p.s.ackley-20;es-0.5;minimize;2.864410927670463;20
0;30;30;0.0013;30;1;30;1.0;1.0;1.0;3.214433302629669;2;ea.p.s.ackley-20;es-0.5;minimize;3.214433302629669;20
5;180;180;0.007;30;1;30;1.0;1.0;1.0;3.214433302629669;2;ea.p.s.ackley-20;es-0.5;minimize;3.214433302629669;20
10;330;330;0.0143;30;1;30;1.0;1.0;1.0;3.214433302629669;2;ea.p.s.ackley-20;es-0.5;minimize;3.214433302629669;20
15;480;480;0.0187;30;1;30;1.0;1.0;1.0;3.214433302629669;2;ea.p.s.ackley-20;es-0.5;minimize;3.214433302629669;20
0;100;100;0.0059;100;1;100;1.0;1.0;1.0;2.864410927670463;1;ea.p.s.ackley-20;ga-0.02;minimize;2.864410927670463;20
0;100;100;0.0039;100;1;100;1.0;1.0;1.0;3.113494490313475;2;ea.p.s.ackley-20;ga-0.02;minimize;3.113494490313475;20
0;100;100;0.0041;100;1;100;1.0;1.0;1.0;2.864410927670463;1;ea.p.s.ackley-20;ga-0.25;minimize;2.864410927670463;20
0;100;100;0.0025;100;1;100;1.0;1.0;1.0;3.113494490313475;2;ea.p.s.ackley-20;ga-0.25;minimize;3.113494490313475;20
0;100;100;0.0031;100;1;100;1.0;1.0;1.0;2.864410927670463;1;ea.p.s.ackley-20;ga-0.5;minimize;2.864410927670463;20
0;100;100;0.0044;100;1;100;1.0;1.0;1.0;3.113494490313475;2;ea.p.s.ackley-20;ga-0.5;minimize;3.113494490313475;20
5;60;60;0.0191;12;1;12;1.0;1.0;1.0;169.12850359934913;1;ea.p.s.rastrigin-20;cmaEs;minimize;169.12850359934913;20
10;120;120;0.0298;12;1;12;1.0;1.0;1.0;183.07067536625811;1;ea.p.s.rastrigin-20;cmaEs;minimize;183.07067536625811;20
15;180;180;0.0423;12;1;12;1.0;1.0;1.0;189.0098324761901;1;ea.p.s.rastrigin-20;cmaEs;minimize;189.0098324761901;20
20;240;240;0.0519;12;1;12;1.0;1.0;1.0;180.5293128805333;1;ea.p.s.rastrigin-20;cmaEs;minimize;180.5293128805333;20
25;300;300;0.0599;12;1;12;1.0;1.0;1.0;195.24236159870844;1;ea.p.s.rastrigin-20;cmaEs;minimize;195.24236159870844;20
30;360;360;0.0709;12;1;12;1.0;1.0;1.0;155.88805076812642;1;ea.p.s.rastrigin-20;cmaEs;minimize;155.88805076812642;20
35;420;420;0.08;12;1;12;1.0;1.0;1.0;161.46276628625452;1;ea.p.s.rastrigin-20;cmaEs;minimize;161.46276628625452;20
40;480;480;0.088;12;1;12;1.0;1.0;1.0;139.94156186031407;1;ea.p.s.rastrigin-20;cmaEs;minimize;139.94156186031407;20
5;60;60;0.0223;12;1;12;1.0;1.0;1.0;140.89556198266337;2;ea.p.s.rastrigin-20;cmaEs;minimize;140.89556198266337;20
10;120;120;0.0334;12;1;12;1.0;1.0;1.0;169.6105316321355;2;ea.p.s.rastrigin-20;cmaEs;minimize;169.6105316321355;20
15;180;180;0.0427;12;1;12;1.0;1.0;1.0;141.28277179798746;2;ea.p.s.rastrigin-20;cmaEs;minimize;141.28277179798746;20
20;240;240;0.0575;12;1;12;1.0;1.0;1.0;148.71510798597245;2;ea.p.s.rastrigin-20;cmaEs;minimize;148.71510798597245;20
25;300;300;0.0669;12;1;12;1.0;1.0;1.0;175.55637494322536;2;ea.p.s.rastrigin-20;cmaEs;minimize;175.55637494322536;20
30;360;360;0.0886;12;1;12;1.0;1.0;1.0;162.33041812620417;2;ea.p.s.rastrigin-20;cmaEs;minimize;162.33041812620417;20
35;420;420;0.1063;12;1;12;1.0;1.0;1.0;160.39562065453083;2;ea.p.s.rastrigin-20;cmaEs;minimize;160.39562065453083;20
40;480;480;0.1296;12;1;12;1.0;1.0;1.0;157.30299087526615;2;ea.p.s.rastrigin-20;cmaEs;minimize;157.30299087526615;20
0;15;15;0.0028;15;1;15;1.0;1.0;1.0;150.15549162250855;1;ea.p.s.rastrigin-20;differentialEvolution;minimize;150.15549162250855;20
5;90;90;0.0229;15;1;15;1.0;1.0;1.0;139.62482003485906;1;ea.p.s.rastrigin-20;differentialEvolution;minimize;139.62482003485906;20
10;165;165;0.0367;15;1;15;1.0;1.0;1.0;138.03399783010354;1;ea.p.s.rastrigin-20;differentialEvolution;minimize;138.03399783010354;20
15;240;240;0.0509;15;1;15;1.0;1.0;1.0;119.50042791726861;1;ea.p.s.rastrigin-20;differentialEvolution;minimize;119.50042791726861;20
20;315;315;0.0589;15;1;15;1.0;1.0;1.0;119.50042791726861;1;ea.p.s.rastrigin-20;differentialEvolution;minimize;119.50042791726861;20
25;390;390;0.0703;15;1;15;1.0;1.0;1.0;105.33402184890532;1;ea.p.s.rastrigin-20;differentialEvolution;minimize;105.33402184890532;20
30;465;465;0.0838;15;1;15;1.0;1.0;1.0;105.33402184890532;1;ea.p.s.rastrigin-20;differentialEvolution;minimize;105.33402184890532;20
0;15;15;0.001;15;1;15;1.0;1.0;1.0;161.25598827854773;2;ea.p.s.rastrigin-20;differentialEvolution;minimize;161.25598827854773;20
5;90;90;0.01;15;1;15;1.0;1.0;1.0;133.32975204560432;2;ea.p.s.rastrigin-20;differentialEvolution;minimize;133.32975204560432;20
10;165;165;0.0182;15;1;15;1.0;1.0;1.0;133.32975204560432;2;ea.p.s.rastrigin-20;differentialEvolution;minimize;133.32975204560432;20
15;240;240;0.0267;15;1;15;1.0;1.0;1.0;117.44606940676275;2;ea.p.s.rastrigin-20;differentialEvolution;minimize;117.44606940676275;20
20;315;315;0.0338;15;1;15;1.0;1.0;1.0;110.89659917112161;2;ea.p.s.rastrigin-20;differentialEvolution;minimize;110.89659917112161;20
25;390;390;0.04;15;1;15;1.0;1.0;1.0;110.89659917112161;2;ea.p.s.rastrigin-20;differentialEvolution;minimize;110.89659917112161;20
30;465;465;0.047;15;1;15;1.0;1.0;1.0;110.89659917112161;2;ea.p.s.rastrigin-20;differentialEvolution;minimize;110.89659917112161;20
0;100;100;0.0023;100;1;100;1.0;1.0;1.0;150.15549162250855;1;ea.p.s.rastrigin-20;pso;minimize;150.15549162250855;20
0;100;100;0.0028;100;1;100;1.0;1.0;1.0;105.63056636460345;2;ea.p.s.rastrigin-20;pso;minimize;105.63056636460345;20
0;30;30;0.0012;30;1;30;1.0;1.0;1.0;150.15549162250855;1;ea.p.s.rastrigin-20;es-0.02;minimize;150.15549162250855;20
5;180;180;0.0048;30;1;30;1.0;1.0;1.0;59.572272171244975;1;ea.p.s.rastrigin-20;es-0.02;minimize;59.572272171244975;20
10;330;330;0.0098;30;1;30;1.0;1.0;1.0;34.96403370239179;1;ea.p.s.rastrigin-20;es-0.02;minimize;34.96403370239179;20
15;480;480;0.0138;30;1;30;1.0;1.0;1.0;34.96403370239179;1;ea.p.s.rastrigin-20;es-0.02;minimize;34.96403370239179;20
0;30;30;0.0018;30;1;30;1.0;1.0;1.0;129.9872116947355;2;ea.p.s.rastrigin-20;es-0.02;minimize;129.9872116947355;20
5;180;180;0.0064;30;1;30;1.0;1.0;1.0;58.192329585131375;2;ea.p.s.rastrigin-20;es-0.02;minimize;58.192329585131375;20
10;330;330;0.0105;30;1;30;1.0;1.0;1.0;34.97681730041788;2;ea.p.s.rastrigin-20;es-0.02;minimize;34.97681730041788;20
15;480;480;0.0169;30;1;30;1.0;1.0;1.0;34.97681730041788;2;ea.p.s.rastrigin-20;es-0.02;minimize;34.97681730041788;20
0;30;30;0.0011;30;1;30;1.0;1.0;1.0;150.15549162250855;1;ea.p.s.rastrigin-20;es-0.25;minimize;150.15549162250855;20
5;180;180;0.0049;30;1;30;1.0;1.0;1.0;130.28073707825445;1;ea.p.s.rastrigin-20;es-0.25;minimize;130.28073707825445;20
10;330;330;0.0092;30;1;30;1.0;1.0;1.0;127.59552940106249;1;ea.p.s.rastrigin-20;es-0.25;minimize;127.59552940106249;20
15;480;480;0.0118;30;1;30;1.0;1.0;1.0;127.59552940106249;1;ea.p.s.rastrigin-20;es-0.25;minimize;127.59552940106249;20
0;30;30;0.0011;30;1;30;1.0;1.0;1.0;129.9872116947355;2;ea.p.s.rastrigin-20;es-0.25;minimize;129.9872116947355;20
5;180;180;0.0061;30;1;30;1.0;1.0;1.0;113.9400469142136;2;ea.p.s.rastrigin-20;es-0.25;minimize;113.9400469142136;20
10;330;330;0.0101;30;1;30;1.0;1.0;1.0;113.9400469142136;2;ea.p.s.rastrigin-20;es-0.25;minimize;113.9400469142136;20
15;480;480;0.0146;30;1;30;1.0;1.0;1.0;113.9400469142136;2;ea.p.s.rastrigin-20;es-0.25;minimize;113.9400469142136;20
0;30;30;0.001;30;1;30;1.0;1.0;1.0;150.15549162250855;1;ea.p.s.rastrigin-20;es-0.5;minimize;150.15549162250855;20
5;180;180;0.0053;30;1;30;1.0;1.0;1.0;129.82474467495325;1;ea.p.s.rastrigin-20;es-0.5;minimize;129.82474467495325;20
10;330;330;0.0095;30;1;30;1.0;1.0;1.0;122.36530958777266;1;ea.p.s.rastrigin-20;es-0.5;minimize;122.36530958777266;20
15;480;480;0.0147;30;1;30;1.0;1.0;1.0;101.54561098298252;1;ea.p.s.rastrigin-20;es-0.5;minimize;101.54561098298252;20
0;30;30;0.0017;30;1;30;1.0;1.0;1.0;129.9872116947355;2;ea.p.s.rastrigin-20;es-0.5;minimize;129.9872116947355;20
5;180;180;0.0061;30;1;30;1.0;1.0;1.0;129.9872116947355;2;ea.p.s.rastrigin-20;es-0.5;minimize;129.9872116947355;20
10;330;330;0.0095;30;1;30;1.0;1.0;1.0;120.65150349740091;2;ea.p.s.rastrigin-20;es-0.5;minimize;120.65150349740091;20
15;480;480;0.0125;30;1;30;1.0;1.0;1.0;120.65150349740091;2;ea.p.s.rastrigin-20;es-0.5;minimize;120.65150349740091;20
0;100;100;0.0025;100;1;100;1.0;1.0;1.0;150.15549162250855;1;ea.p.s.rastrigin-20;ga-0.02;minimize;150.15549162250855;20
0;100;100;0.0044;100;1;100;1.0;1.0;1.0;105.63056636460345;2;ea.p.s.rastrigin-20;ga-0.02;minimize;105.63056636460345;20
0;100;100;0.0018;100;1;100;1.0;1.0;1.0;150.15549162250855;1;ea.p.s.rastrigin-20;ga-0.25;minimize;150.15549162250855;20
0;100;100;0.0028;100;1;100;1.0;1.0;1.0;105.63056636460345;2;ea.p.s.rastrigin-20;ga-0.25;minimize;105.63056636460345;20
0;100;100;0.0037;100;1;100;1.0;1.0;1.0;150.15549162250855;1;ea.p.s.rastrigin-20;ga-0.5;minimize;150.15549162250855;20
0;100;100;0.0022;100;1;100;1.0;1.0;1.0;105.63056636460345;2;ea.p.s.rastrigin-20;ga-0.5;minimize;105.63056636460345;20
